{
	"format_version": "1.8.0",
	"animations": {
		"kititem": {
			"loop": true,
			"animation_length": 0.625,
			"bones": {
				"right_arm": {
					"rotation": {
						"0.0": {
							"vector": [-62.12582, -30.86598, -23.61459]
						},
						"0.125": {
							"vector": [-65.22567, -16.7267, -15.9997]
						},
						"0.25": {
							"vector": [-41.47567, -16.7267, -15.9997]
						},
						"0.375": {
							"vector": [-41.47567, -30.86598, -23.61459]
						},
						"0.5": {
							"vector": [-62.12582, -30.86598, -23.61459]
						},
						"0.625": {
							"vector": [-62.12582, -30.86598, -23.61459]
						}
					},
					"position": {
						"0.0": {
							"vector": [1.125, 0, -0.6]
						},
						"0.625": {
							"vector": [1.125, 0, -0.6]
						}
					}
				},
				"left_arm": {
					"rotation": {
						"0.0": {
							"vector": [-53.85968, 27.44807, 15.5854]
						},
						"0.125": {
							"vector": [-53.85968, 27.44807, 15.5854]
						},
						"0.25": {
							"vector": [-46.85968, 27.44807, 15.5854]
						},
						"0.4167": {
							"vector": [-53.85968, 27.44807, 15.5854]
						},
						"0.625": {
							"vector": [-53.85968, 27.44807, 15.5854]
						}
					},
					"position": {
						"0.0": {
							"vector": [-1.025, 0.05, 0.5]
						},
						"0.125": {
							"vector": [-1.025, 0.05, 0.5]
						},
						"0.25": {
							"vector": [-1.025, 0.05, 0.5]
						},
						"0.4167": {
							"vector": [-1.025, 0.05, 0.5]
						},
						"0.625": {
							"vector": [-1.025, 0.05, 0.5]
						}
					}
				},
				"head": {
					"rotation": {
						"0.0": {
							"vector": [18.75, 0, 0]
						},
						"0.625": {
							"vector": [18.75, 0, 0]
						}
					}
				},
				"right_leg": {
					"rotation": {
						"0.0": {
							"vector": [7.3889, -1.56894, 8.10045]
						},
						"0.625": {
							"vector": [7.3889, -1.56894, 8.10045]
						}
					}
				},
				"left_leg": {
					"rotation": {
						"0.0": {
							"vector": [-11.49616, 0.29902, -4.0301]
						},
						"0.625": {
							"vector": [-11.49616, 0.29902, -4.0301]
						}
					}
				},
				"torso": {
					"rotation": {
						"0.0": {
							"vector": [0, 0, 0]
						},
						"0.25": {
							"vector": [5, 0, 0]
						},
						"0.5": {
							"vector": [0, 0, 0]
						}
					},
					"position": {
						"0.0": {
							"vector": [0, 0, 0]
						},
						"0.25": {
							"vector": [0, 0, -0.9]
						},
						"0.5": {
							"vector": [0, 0, 0]
						}
					}
				}
			}
		}
	}
}